{
  "name": "pf2e",
  "title": "Pathfinder 2nd Edition",
  "description": "An early alpha game system for running games of Pathfinder 2nd Edition in the Foundry VTT environment.",
  "version": 0.28,
  "author": "hooking",
  "scripts": ["./scripts/init.js", "./scripts/config.js", "./scripts/actor/actor.js", "./scripts/actor/sheet/base.js", "./scripts/actor/sheet/character.js", "./scripts/actor/sheet/npc.js", "./scripts/item/item.js", "./scripts/item/sheet.js", "./scripts/actor/trait-selector.js", "./scripts/dice.js"],
  "styles": ["./css/pf2e.css"],
  "languages": {
    "en": "lang/en.json"
  },
  "socket": true,
  "initiative": "1d20 + @attributes.perception.value + (@abilities.wis.value / 100)",
  "gridDistance": 5,
  "gridUnits": "ft"
}
