{
  "actor": {
    "data": {
      "abilities": {
        "str": {
          "type": "Number",
          "label": "Strength",
          "value": 10,
          "min": 3,
          "proficient": 0,
          "mod": 0
        },
        "dex": {
          "type": "Number",
          "label": "Dexterity",
          "value": 10,
          "min": 3,
          "proficient": 0,
          "mod": 0
        },
        "con": {
          "type": "Number",
          "label": "Constitution",
          "value": 10,
          "min": 3,
          "proficient": 0,
          "mod": 0
        },
        "int": {
          "type": "Number",
          "label": "Intelligence",
          "value": 10,
          "min": 3,
          "proficient": 0,
          "mod": 0
        },
        "wis": {
          "type": "Number",
          "label": "Wisdom",
          "value": 10,
          "min": 3,
          "proficient": 0,
          "mod": 0
        },
        "cha": {
          "type": "Number",
          "label": "Charisma",
          "value": 10,
          "min": 3,
          "proficient": 0,
          "mod": 0
        }
      },
      "saves": {        
        "fortitude": {
          "type": "Number",
          "label": "Fortitude",
          "rank": 0,
          "ability": "con",
          "item": 0
        },
        "reflex": {
          "type": "Number",
          "label": "Reflex",
          "rank": 0,
          "ability": "dex",
          "item": 0
        },
        "will": {
          "type": "Number",
          "label": "Will",
          "rank": 0,
          "ability": "wis",
          "item": 0
        }
      },
      "martial": {
        "unarmored": {
          "type": "Number",
          "label": "Unarmored Defense",
          "rank": 0
        },
        "light": {
          "type": "Number",
          "label": "Light Armor",
          "rank": 0
        },
        "medium": {
          "type": "Number",
          "label": "Medium Armor",
          "rank": 0
        },
        "heavy": {
          "type": "Number",
          "label": "Heavy Armor",
          "rank": 0
        },
        "simple": {
          "type": "Number",
          "label": "Simple Weapons",
          "rank": 0
        },
        "martial": {
          "type": "Number",
          "label": "Martial Weapons",
          "rank": 0
        },
        "advanced": {
          "type": "Number",
          "label": "Advanced Weapons",
          "rank": 0
        },
        "unarmed": {
          "type": "Number",
          "label": "Unarmed Attacks",
          "rank": 0
        }
      },
      "attributes": {
        "ac": {
          "type": "Number",
          "label": "Armor Class",
          "min": 0
        },
        "shield": {
          "type": "String",
          "label": "Shield Bonus",
          "value": 0
        },
        "hp": {
          "type": "Number",
          "label": "Hit Points",
          "value": 10,
          "min": 0,
          "max": 10,
          "temp": 0,
          "tempmax": 0
        },
        "perception": {
          "type": "Number",
          "label": "Perception",
          "rank": 0,
          "ability": "wis",
          "item": 0
        },
        "init": {
          "type": "Number",
          "label": "Initiative Modifier",
          "value": 0
        },
        "prof": {
          "type": "Number",
          "label": "Proficiency",
          "value": 0
        },
        "speed": {
          "type": "String",
          "label": "Movement Speed",
          "value": "25",
          "special": ""
        },
        "spellcasting": {
          "type": "String",
          "label": "Spellcasting Ability"
        },
        "spelldc": {
          "type": "String",
          "label": "Class DC",
          "item": 0
        },
        "tradition": {
          "type": "String",
          "label": "Magic Tradition"
        },
        "prepared": {
          "type": "String",
          "label": "Preperation Type",
          "value": ""
        }
      },
      "details": {
        "alignment": {
          "type": "String",
          "label": "Alignment"
        },
        "biography": {
          "type": "String",
          "label": "Biography"
        },
        "class": {
          "type": "String",
          "label": "Class"
        },
        "ancestry": {
          "type": "String",
          "label": "Ancestry"
        },
        "heritage": {
          "type": "String",
          "label": "Heritage"
        },
        "deity": {
          "type": "String",
          "label": "Deity"
        }
      },
      "skills": {
        "acr": {
          "type": "Number",
          "label": "Acrobatics",
          "value": 0,
          "ability": "dex",
          "armor": 1,
          "rank": 0,
          "item": 0
        },
        "arc": {
          "type": "Number",
          "label": "Arcana",
          "value": 0,
          "ability": "int",
          "rank": 0,
          "item": 0
        },
        "ath": {
          "type": "Number",
          "label": "Athletics",
          "value": 0,
          "ability": "str",
          "armor": 1,
          "rank": 0,
          "item": 0
        },
        "cra": {
          "type": "Number",
          "label": "Crafting",
          "value": 0,
          "ability": "int",
          "rank": 0,
          "item": 0
        },
        "dec": {
          "type": "Number",
          "label": "Deception",
          "value": 0,
          "ability": "cha",
          "rank": 0,
          "item": 0
        },
        "dip": {
          "type": "Number",
          "label": "Diplomacy",
          "value": 0,
          "ability": "cha",
          "rank": 0,
          "item": 0
        },
        "itm": {
          "type": "Number",
          "label": "Intimidation",
          "value": 0,
          "ability": "cha",
          "rank": 0,
          "item": 0
        },
        "med": {
          "type": "Number",
          "label": "Medicine",
          "value": 0,
          "ability": "wis",
          "rank": 0,
          "item": 0
        },
        "nat": {
          "type": "Number",
          "label": "Nature",
          "value": 0,
          "ability": "int",
          "rank": 0,
          "item": 0
        },
        "occ": {
          "type": "Number",
          "label": "Occultism",
          "value": 0,
          "ability": "int",
          "rank": 0,
          "item": 0
        },
        "prf": {
          "type": "Number",
          "label": "Performance",
          "value": 0,
          "ability": "cha",
          "rank": 0,
          "item": 0
        },
        "rel": {
          "type": "Number",
          "label": "Religion",
          "value": 0,
          "ability": "wis",
          "rank": 0,
          "item": 0
        },
        "soc": {
          "type": "Number",
          "label": "Society",
          "value": 0,
          "ability": "int",
          "rank": 0,
          "item": 0
        },
        "ste": {
          "type": "Number",
          "label": "Stealth",
          "value": 0,
          "ability": "dex",
          "armor": 1,
          "rank": 0,
          "item": 0
        },
        "sur": {
          "type": "Number",
          "label": "Survival",
          "value": 0,
          "ability": "wis",
          "rank": 0,
          "item": 0
        },
        "thi": {
          "type": "Number",
          "label": "Thievery",
          "value": 0,
          "ability": "dex",
          "armor": 1,
          "rank": 0,
          "item": 0
        }
      },
      "traits": {
        "size": {
          "type": "String",
          "label": "Size",
          "value": "med"
        },
        "senses": {
          "type": "String",
          "label": "Senses"
        },
        "perception": {
          "type": "Number",
          "label": "Passive Perception"
        },
        "languages": {
          "type": "String",
          "label": "Known Languages",
          "selected": {"common": "Common"}
        },
        "di": {
          "type": "Array",
          "label": "Damage Immunities"
        },
        "dr": {
          "type": "Array",
          "label": "Damage Resistances"
        },
        "dv": {
          "type": "Array",
          "label": "Damage Vulnerabilities"
        },
        "ci": {
          "type": "Array",
          "label": "Condition Immunities"
        }
      },
      "currency": {
        "pp": {
          "type": "Number",
          "label": "Platinum",
          "value": 0
        },
        "gp": {
          "type": "Number",
          "label": "Gold",
          "value": 0
        },
        "sp": {
          "type": "Number",
          "label": "Silver",
          "value": 0
        },
        "cp": {
          "type": "Number",
          "label": "Copper",
          "value": 0
        }
      },
      "spells": {
        "spell0": {
          "type": "Number",
          "label": "Cantrip"
        },
        "spell1": {
          "type": "Number",
          "label": "1st Level"
        },
        "spell2": {
          "type": "Number",
          "label": "2nd Level"
        },
        "spell3": {
          "type": "Number",
          "label": "3rd Level"
        },
        "spell4": {
          "type": "Number",
          "label": "4th Level"
        },
        "spell5": {
          "type": "Number",
          "label": "5th Level"
        },
        "spell6": {
          "type": "Number",
          "label": "6th Level"
        },
        "spell7": {
          "type": "Number",
          "label": "7th Level"
        },
        "spell8": {
          "type": "Number",
          "label": "8th Level"
        },
        "spell9": {
          "type": "Number",
          "label": "9th Level"
        }        ,
        "spell10": {
          "type": "Number",
          "label": "10th Level"
        },
        "spell11": {
          "type": "Number",
          "label": "Focus"
        }
      }
    },
    "character": {
      "attributes": {
        "hd": {
          "type": "Number",
          "label": "Hit Dice",
          "value": 1,
          "min": 0
        },
        "death": {
          "type": "Number",
          "label": "Death Saves",
          "success": 0,
          "failure": 0
        },
        "exhaustion": {
          "type": "Number",
          "label": "Exhaustion Level",
          "value": 0
        },
        "inspiration": {
          "type": "Boolean",
          "label": "Inspiration",
          "value": 0
        }
      },
      "details": {
        "background": {
          "type": "String",
          "label": "Background"
        },
        "level": {
          "type": "Number",
          "label": "Character Level",
          "value": 1,
          "min": 1
        },
        "xp": {
          "type": "Number",
          "label": "Experience Points",
          "value": 0,
          "min": 0,
          "max": 300
        },
        "trait": {
          "type": "String",
          "label": "Trait"
        },
        "ideal": {
          "type": "String",
          "label": "Ideal"
        },
        "bond": {
          "type": "String",
          "label": "Bond"
        },
        "flaw": {
          "type": "String",
          "label": "Flaw"
        }
      },
      "resources": {
        "primary": {
          "type": "String",
          "label": "Primary Resource",
          "sr": 0,
          "lr": 0
        },
        "secondary": {
          "type": "String",
          "label": "Secondary Resource",
          "sr": 0,
          "lr": 0
        }
      }
    },
    "npc": {
      "details": {
        "type": {
          "type": "String",
          "label": "Creature Type"
        },
        "environment": {
          "type": "String",
          "label": "Environment"
        },
        "cr": {
          "type": "Number",
          "label": "Challenge Rating",
          "value": 1,
          "min": 0
        },
        "xp": {
          "type": "Number",
          "label": "Kill Experience"
        },
        "source": {
          "type": "Source",
          "label": "Source Location"
        }
      },
      "resources": {
        "legact": {
          "type": "Number",
          "label": "Legendary Actions"
        },
        "legres": {
          "type": "Number",
          "label": "Legendary Resistance"
        },
        "lair": {
          "type": "Boolean",
          "label": "Lair Action"
        }
      }
    }
  },
  "item": {
    "data": {
      "description": {
        "type": "String",
        "label": "Description"
      },
      "source": {
        "type": "String",
        "label": "Source"
      }
    },
    "weapon": {
      "quantity": {
        "type": "Number",
        "label": "Quantity",
        "value": 1
      },
      "weight": {
        "type": "Number",
        "label": "Bulk"
      },
      "price": {
        "type": "String",
        "label": "Price"
      },
      "weaponType": {
        "type": "String",
        "label": "Weapon Category"
      },
      "group": {
        "type": "String",
        "label": "Weapon Group"
      },
      "traits": {
        "type": "String",
        "label": "Weapon Traits"
      },
      "hands": {
        "type": "String",
        "label": "Hands"
      },
      "bonus": {
        "type": "String",
        "label": "Item Bonus"
      },
      "damage": {
        "type": "String",
        "label": "damage"
      },
      "range": {
        "type": "String",
        "label": "Weapon Range"
      },
      "reload": {
        "type": "String",
        "label": "Reload"
      },
      "ability": {
        "type": "String",
        "label": "Offensive Ability"
      },
      "level": {
        "type": "Number",
        "label": "Item Level"
      },
      "property1": {
        "type": "String",
        "label": "Primary Property"
      },
      "property2": {
        "type": "String",
        "label": "Secondary Property"
      },
      "property3": {
        "type": "String",
        "label": "Tertiary Property"
      }
    },
    "melee": {
      "quantity": {
        "type": "Number",
        "label": "Quantity",
        "value": 1
      },
      "weight": {
        "type": "Number",
        "label": "Bulk"
      },
      "price": {
        "type": "String",
        "label": "Price"
      },
      "weaponType": {
        "type": "String",
        "label": "Weapon Category"
      },
      "group": {
        "type": "String",
        "label": "Weapon Group"
      },
      "traits": {
        "type": "String",
        "label": "Weapon Traits"
      },
      "hands": {
        "type": "String",
        "label": "Hands"
      },
      "bonus": {
        "type": "String",
        "label": "Item Bonus"
      },
      "damage": {
        "type": "String",
        "label": "damage"
      },
      "range": {
        "type": "String",
        "label": "Weapon Range"
      },
      "reload": {
        "type": "String",
        "label": "Reload"
      },
      "ability": {
        "type": "String",
        "label": "Offensive Ability"
      },
      "level": {
        "type": "Number",
        "label": "Item Level"
      },
      "property1": {
        "type": "String",
        "label": "Primary Property"
      },
      "property2": {
        "type": "String",
        "label": "Secondary Property"
      },
      "property3": {
        "type": "String",
        "label": "Tertiary Property"
      }
    },
    "armor": {
      "quantity": {
        "type": "Number",
        "label": "Quantity",
        "value": 1
      },
      "weight": {
        "type": "Number",
        "label": "Bulk"
      },
      "price": {
        "type": "String",
        "label": "Price"
      },
      "armor": {
        "type": "Number",
        "label": "AC Bonus"
      },
      "armorType": {
        "type": "String",
        "label": "Armor Category"
      },
      "potency": {
        "type": "String",
        "label": "Armor Potency"
      },
      "resilient": {
        "type": "String",
        "label": "Resilient"
      },
      "group": {
        "type": "String",
        "label": "Group"
      },
      "traits": {
        "type": "String",
        "label": "Traits",
        "value": ""
      },
      "strength": {
        "type": "String",
        "label": "Required Strength"
      },
      "dex": {
        "type": "String",
        "label": "Dex Modifier Cap"
      },
      "check": {
        "type": "String",
        "label": "Check Penalty"
      },
      "speed": {
        "type": "String",
        "label": "Speed Penalty"
      },
      "level": {
        "type": "Number",
        "label": "Item Level"
      },
      "equipped": {
        "type": "Boolean",
        "label": "Equipped"
      },
      "property1": {
        "type": "Number",
        "label": "Property Rune 1"
      },
      "property2": {
        "type": "Number",
        "label": "Property Rune 2"
      },
      "property3": {
        "type": "Number",
        "label": "Property Rune 3"
      }
    },
    "equipment": {
      "quantity": {
        "type": "Number",
        "label": "Quantity",
        "value": 1
      },
      "weight": {
        "type": "Number",
        "label": "Bulk"
      },
      "price": {
        "type": "String",
        "label": "Price"
      },
      "level": {
        "type": "Number",
        "label": "Item Level"
      },
      "equipped": {
        "type": "Boolean",
        "label": "Equipped"
      }
    },
    "consumable": {
      "quantity": {
        "type": "Number",
        "label": "Quantity",
        "value": 1
      },
      "weight": {
        "type": "Number",
        "label": "Bulk"
      },
      "price": {
        "type": "String",
        "label": "Price"
      },
      "consumableType": {
        "type": "String",
        "label": "Consumable Type"
      },
      "charges": {
        "type": "Number",
        "label": "Charges"
      },
      "consume": {
        "type": "String",
        "label": "Roll on Consume"
      },
      "autoUse": {
        "type": "Boolean",
        "label": "Consume on Use"
      },
      "autoDestroy": {
        "type": "Boolean",
        "label": "Destroy on Empty"
      },
      "level": {
        "type": "Number",
        "label": "Item Level"
      }
    },
    "backpack": {
      "quantity": {
        "type": "Number",
        "label": "Quantity",
        "value": 1
      },
      "weight": {
        "type": "Number",
        "label": "Bulk"
      },
      "price": {
        "type": "String",
        "label": "Price"
      }
    },
    "spell": {
      "spellType": {
        "type": "String",
        "label": "Spell Type"
      },
      "level": {
        "type": "Number",
        "label": "Spell Level"
      },
      "traditions": {
        "type": "String",
        "label": "Spell Traditions",
        "value": ""
      },
      "school": {
        "type": "String",
        "label": "Spell School"
      },
      "components": {
        "type": "String",
        "label": "Spell Components"
      },
      "materials": {
        "type": "String",
        "label": "Materials"
      },
      "target": {
        "type": "String",
        "label": "Target"
      },
      "range": {
        "type": "String",
        "label": "Range"
      },
      "area": {
        "type": "String",
        "label": "Area"
      },
      "time": {
        "type": "String",
        "label": "Casting Time"
      },
      "duration": {
        "type": "String",
        "label": "Duration"
      },
      "damage": {
        "type": "String",
        "label": "Spell Damage"
      },
      "damageType": {
        "type": "String",
        "label": "Damage Type"
      },
      "save": {
        "type": "String",
        "label": "Saving Throw"
      },
      "sustained": {
        "type": "Boolean",
        "label": "Can be Sustained"
      },
      "ritual": {
        "type": "Boolean",
        "label": "Cast as Ritual"
      },
      "ability": {
        "type": "String",
        "label": "Spellcasting Ability"
      },
      "prepared": {
        "type": "String",
        "label": "Prepared Spell"
      },
      "traits": {
        "type": "String",
        "label": "Spell Traits",
        "value": ""
      }
    },
    "feat": {
      "featType": {
        "type": "String",
        "label": "Feat Type"
      },
      "actionType": {
        "type": "String",
        "label": "Action Type"
      },
      "actions": {
        "type": "String",
        "label": "Number of Actions"
      },
      "prerequisites": {
        "type": "String",
        "label": "Prerequisites"
      },
      "level": {
        "type": "String",
        "label": "Feat Level"
      },
      "traits": {
        "type": "String",
        "label": "Traits"
      }
    },
    "lore": {
      "featType": {
        "type": "String",
        "label": "Lore Type"
      }
    },
    "action": {
      "actionType": {
        "type": "String",
        "label": "Action Type"
      },
      "weapon": {
        "type": "String",
        "label": "Associated Weapon"
      },
      "actions": {
        "type": "String",
        "label": "Number of Actions"
      },
      "requirements": {
        "type": "String",
        "label": "Requirements"
      },
      "trigger": {
        "type": "String",
        "label": "Trigger"
      },
      "traits": {
        "type": "String",
        "label": "Traits",
        "value": ""
      }
    }
  }
}